{
  "AMZN": 267.7827839433784,
  "EMXC": 99.28242476894175,
  "EWY": 195.35235127663393,
  "GEV": 1049.2597842183202,
  "GOOG": 381.5433069022066,
  "IAU": 84.85374865537372,
  "IBIT": 43.458626,
  "NBIS": 218.281788,
  "PPA": 173.7520520753704,
  "QQQM": 299.2958844980947,
  "SMIN": 67.59126359682344,
  "SOXX": 559.3687300885088,
  "VOOG": 82.86942801023577
}