{
  "AMZN": 268.91511936772514,
  "CEG": 289.498,
  "CIEN": 575.4233333333334,
  "EMXC": 99.282425,
  "EWY": 195.352351,
  "GEV": 1032.0234254294594,
  "GOOG": 383.80639785258836,
  "IAU": 84.853749,
  "NBIS": 218.281788,
  "PPA": 173.752052,
  "QQQM": 299.295884,
  "RKLB": 148.152,
  "SMIN": 67.591264,
  "SOXX": 559.36873,
  "TSM": 426.14832402234634,
  "VOOG": 83.2728020007001
}