{
  "AMZN": 268.027759,
  "EMXC": 99.00798,
  "EWY": 194.581857,
  "GEV": 1054.0,
  "GOOG": 381.122495,
  "IAU": 85.15985,
  "IBIT": 43.458626,
  "NBIS": 218.281788,
  "PPA": 173.878746,
  "QQQM": 299.127479,
  "SMIN": 67.53,
  "SOXX": 557.76168,
  "VOOG": 82.840048
}